,xyz,energies,name
0,sildenafil.xyz,-1880.988440499537,sildenafil
1,troglitazone.xyz,-1757.19931730055,troglitazone
2,penicillin.xyz,-1427.0346055,penicillin
3,121259.xyz,-387.746794555148,qm9_121259
4,12351.xyz,-312.682253110873,qm9_12351
5,35811.xyz,-381.495807845803,qm9_35811
6,85759.xyz,-401.342548599894,qm9_85759
7,96295.xyz,-459.489398024180,qm9_96295
