xyz,energies
sildenafil.xyz,-1880.988440499537
troglitazone.xyz,-1757.199317300550
penicillin.xyz,-1427.03460550
