,Fragments,ObjValNoPen,ObjValWithPen
0,"['frag_02_c00001', 'frag_15_c00001']",14941.03753282359,14941.03753282359
1,"['frag_02_c00001', 'frag_15_c00001']",14941.03753282359,14941.03753282359
2,"['frag_02_c00001', 'frag_15_c00001']",14941.03753282359,14941.03753282359
3,"['frag_02_c00001', 'frag_15_c00001']",14941.03753282359,14941.03753282359
4,"['frag_02_c00001', 'frag_16_c00001']",16189.235113640818,14941.03753282359
